{
  "El Chato": [
    4.650003,
    -74.060415
  ],
  "Leo Cocina y Cava": [
    4.563754,
    -74.084892
  ],
  "Afluente": [
    4.653382,
    -74.083633
  ],
  "Humo Negro": [
    4.656227,
    -74.052938
  ],
  "Oda": [
    4.642297,
    -74.061523
  ],
  "Criterión": [
    4.65163,
    -74.055807
  ],
  "El Cielo Bogotá": [
    4.635599,
    -74.064786
  ],
  "Mesa Franca": [
    4.647529,
    -74.063123
  ],
  "Prudencia": [
    4.595381,
    -74.070932
  ],
  "Mini-Mal": [
    4.63282,
    -74.057143
  ],
  "Harry Sasson": [
    4.635599,
    -74.064786
  ],
  "La Cabrera": [
    4.527373,
    -74.113584
  ],
  "80 Sillas": [
    4.507722,
    -74.108171
  ],
  "Club Colombia": [
    4.668241,
    -74.057864
  ],
  "Central Cevichería": [
    4.671163,
    -74.052498
  ],
  "Pizzardi Artigianale": [
    4.612927,
    -74.066606
  ],
  "La Lucha Sanguchería": [
    4.647129,
    -74.058903
  ],
  "La Puerta Falsa": [
    4.596007,
    -74.07177
  ],
  "Restaurante La Puerta de la Tradición (Santa Fe)": [
    4.596007,
    -74.07177
  ],
  "Casa Vieja": [
    4.601389,
    -74.073436
  ],
  "Crepes & Waffles": [
    4.675268,
    -74.067142
  ],
  "Andrés Carne de Res (Chía)": [
    4.854024,
    -74.065179
  ],
  "Tropicalia Coffee": [
    4.66368,
    -74.050707
  ],
  "Azahar Café": [
    4.677228,
    -74.08864
  ],
  "Café Cultor": [
    4.653367,
    -74.060011
  ],
  "Catación Pública": [
    4.642297,
    -74.061523
  ],
  "Amor Perfecto": [
    4.698786,
    -74.041787
  ],
  "Colo Coffee": [
    4.667937,
    -74.054529
  ],
  "Brot Bakery & Café": [
    4.668577,
    -74.059606
  ],
  "Masa (Rosales)": [
    4.655984,
    -74.06028
  ],
  "Árbol del Pan": [
    4.643393,
    -74.059595
  ],
  "Andrés D.C.": [
    4.666555,
    -74.054573
  ],
  "Gaira Café Cumbia House": [
    4.664402,
    -74.056374
  ],
  "Theatron": [
    4.642471,
    -74.059808
  ],
  "Armando Records": [
    4.664354,
    -74.047188
  ],
  "Baum": [
    4.619722,
    -74.067324
  ],
  "Video Club": [
    4.508059,
    -74.112987
  ],
  "Apache Rooftop (Click Clack)": [
    4.675354,
    -74.047464
  ],
  "Galería Café Libro": [
    4.716308,
    -74.114959
  ],
  "Bogotá Beer Company (BBC)": [
    4.667502,
    -74.053408
  ],
  "Taninos Park Wines": [
    4.657354,
    -74.113341
  ],
  "Museo del Oro": [
    4.586428,
    -74.080848
  ],
  "Museo Botero": [
    4.596692,
    -74.073085
  ],
  "Museo Nacional de Colombia": [
    4.508313,
    -74.108837
  ],
  "MAMBO — Museo de Arte Moderno": [
    4.621016,
    -74.080077
  ],
  "Biblioteca Luis Ángel Arango": [
    4.597199,
    -74.072912
  ],
  "Teatro Colón": [
    4.598183,
    -74.077132
  ],
  "Plaza de Bolívar": [
    4.593648,
    -74.077942
  ],
  "Chorro de Quevedo": [
    4.600007,
    -74.074299
  ],
  "Cerro de Monserrate": [
    4.602905,
    -74.060999
  ],
  "Mirador Torre Colpatria": [
    4.568798,
    -74.096267
  ],
  "Jardín Botánico José Celestino Mutis": [
    4.64424,
    -74.053574
  ],
  "Plaza de Mercado de Paloquemao": [
    4.619865,
    -74.080144
  ],
  "Plaza de Mercado La Perseverancia": [
    4.615438,
    -74.06488
  ],
  "Centro Comercial Andino": [
    4.577245,
    -74.096538
  ],
  "Hacienda Santa Bárbara": [
    4.689236,
    -74.034344
  ],
  "Ciclovía dominical": [
    4.564165,
    -74.100617
  ],
  "Tour en bici por Bogotá": [
    4.59794,
    -74.06917
  ],
  "Catedral de Sal de Zipaquirá": [
    5.023475,
    -74.003982
  ],
  "Laguna de Guatavita": [
    5.044767,
    -73.795553
  ],
  "Mina de Sal de Nemocón": [
    5.097233,
    -73.874734
  ],
  "Villa de Leyva": [
    5.661988,
    -73.52838
  ],
  "Parque Natural Chicaque": [
    4.616137,
    -74.351691
  ],
  "Suesca (senderismo y escalada)": [
    5.103341,
    -73.799006
  ]
}